name,lang,id,n,size(B),cpu(s),mem(KB),status,load,elapsed(s)
binarytrees,fsharp,3,20,565,37.344,173072,0,74% 8% 4% 16%,37.354
binarytrees,ifc,1,20,826,177.991,153820,0,0% 0% 0% 100%,178.172
binarytrees,gcc,3,20,906,9.744,103700,0,76% 76% 100% 93%,2.851
binarytrees,python3,6,20,626,526.560,688512,0,93% 96% 96% 94%,139.255
binarytrees,yarv,5,20,1123,218.712,131028,0,65% 68% 64% 96%,75.022
binarytrees,gcc,5,20,963,114.100,112636,0,93% 88% 92% 85%,32.038
binarytrees,jruby,1,20,412,261.636,891920,0,37% 89% 35% 36%,133.492
binarytrees,clojure,6,20,705,32.932,523000,0,24% 58% 18% 27%,26.120
binarytrees,java,2,20,603,18.024,471008,0,62% 21% 22% 34%,13.132
binarytrees,yarv,3,20,439,220.520,343968,0,0% 1% 1% 100%,220.618
binarytrees,fsharp,2,20,515,62.804,262412,0,56% 24% 0% 21%,62.810
binarytrees,gpp,6,20,892,15.888,179668,0,73% 70% 97% 77%,5.054
binarytrees,clojure,2,20,750,32.432,517208,0,77% 78% 93% 75%,10.171
binarytrees,go,5,20,1000,132.764,178404,0,99% 99% 99% 99%,33.833
binarytrees,go,6,20,937,39.136,281436,0,52% 57% 56% 61%,17.547
binarytrees,gnat,4,20,2167,15.276,105616,0,71% 96% 65% 74%,5.057
binarytrees,fsharp,1,20,537,24.456,173416,0,0% 32% 1% 68%,24.455
binarytrees,clojure,1,20,657,22.988,517204,0,29% 41% 34% 38%,16.530
binarytrees,php,2,20,472,547.792,546272,0,72% 24% 5% 4%,548.404
binarytrees,ghc,1,20,521,40.028,169524,0,32% 100% 33% 32%,20.512
binarytrees,csharp,2,20,650,44.368,293988,0,16% 76% 4% 6%,44.389
binarytrees,gcc,1,20,706,34.136,66096,0,0% 1% 1% 100%,34.155
binarytrees,scala,2,20,641,0.000,248,-2,96% 4% 12% 12%,0.248
binarytrees,dart,1,20,503,22.920,181452,0,89% 1% 11% 1%,22.784
binarytrees,go,4,20,688,130.808,197388,0,96% 96% 96% 98%,33.932
binarytrees,perl,3,20,706,863.856,912720,0,94% 69% 100% 72%,258.434
binarytrees,java,1,20,1007,23.952,525700,0,75% 58% 67% 44%,9.930
binarytrees,rust,1,20,788,15.384,130456,0,96% 99% 93% 93%,4.061
binarytrees,yarv,4,20,402,216.824,301032,0,0% 1% 1% 100%,216.908
binarytrees,hipe,1,20,441,50.919,427992,0,2% 1% 97% 2%,50.975
binarytrees,fpascal,1,20,769,33.192,65836,0,1% 1% 1% 100%,33.213
binarytrees,ats,1,20,926,17.909,132104,0,1% 0% 0% 100%,17.924
binarytrees,hack,2,20,468,0.000,0,-11,%,0.000
binarytrees,gnat,1,20,955,41.200,99420,0,1% 0% 0% 100%,41.221
binarytrees,go,1,20,516,89.916,172808,0,1% 1% 34% 67%,89.873
binarytrees,go,8,20,814,60.508,140220,0,92% 93% 94% 94%,16.243
binarytrees,go,2,20,694,132.228,195384,0,99% 97% 97% 97%,34.082
binarytrees,perl,1,20,448,665.400,289788,0,89% 10% 3% 7%,665.867
binarytrees,gpp,2,20,553,38.524,99080,0,0% 100% 1% 2%,38.547
binarytrees,yarv,1,20,412,225.452,485228,0,0% 1% 100% 0%,225.540
binarytrees,ghc,4,20,612,40.328,398172,0,66% 67% 100% 66%,13.556
binarytrees,racket,2,20,640,27.228,246356,0,1% 0% 0% 100%,27.258
binarytrees,gcc,7,20,850,11.260,103644,0,78% 94% 99% 78%,3.254
binarytrees,hipe,2,20,499,52.627,646636,0,89% 75% 70% 81%,16.824
binarytrees,yarv,2,20,413,226.376,370008,0,0% 1% 1% 100%,226.469
binarytrees,sbcl,2,20,649,18.652,193672,0,1% 1% 1% 100%,18.680
binarytrees,ocaml,2,20,784,40.136,101028,0,36% 95% 49% 69%,16.266
binarytrees,gnat,5,20,2167,15.228,109844,0,71% 75% 70% 94%,4.996
binarytrees,gpp,7,20,919,13.232,88348,0,96% 68% 78% 75%,4.203
binarytrees,go,7,20,567,88.652,169904,0,29% 1% 40% 33%,88.621
binarytrees,scala,1,20,549,17.568,359384,0,71% 31% 27% 17%,12.266
binarytrees,php,3,20,483,919.632,1256324,0,0% 0% 0% 100%,920.885
binarytrees,go,3,20,836,36.924,434704,0,92% 88% 93% 84%,10.356
binarytrees,php,1,20,504,625.664,547708,0,0% 97% 3% 0%,626.335
binarytrees,ats,3,20,2143,18.333,218600,0,73% 99% 64% 69%,6.046
binarytrees,ghc,5,20,611,29.136,106400,0,49% 100% 49% 49%,11.847
binarytrees,sbcl,1,20,612,27.216,193676,0,1% 0% 100% 1%,27.246
binarytrees,ocaml,1,20,563,12.632,235720,0,1% 0% 0% 100%,12.653
binarytrees,gcc,9,20,1103,6.392,114332,0,92% 92% 95% 93%,1.728
binarytrees,csharp,1,20,654,20.740,134020,0,0% 39% 1% 61%,20.740
binarytrees,java,3,20,584,17.752,471136,0,77% 15% 15% 34%,12.784
binarytrees,ocaml,5,20,496,35.680,115716,0,0% 0% 0% 100%,35.730
binarytrees,jruby,4,20,402,174.112,891688,0,47% 53% 40% 24%,107.692
binarytrees,ifc,2,20,1199,23.985,116980,0,68% 68% 98% 69%,7.929
binarytrees,jruby,3,20,439,178.968,900496,0,31% 66% 41% 23%,111.923
binarytrees,scala,4,20,494,18.576,480552,0,71% 13% 13% 39%,13.837
binarytrees,racket,1,20,495,37.364,280268,0,0% 1% 100% 0%,37.405
binarytrees,gcc,2,20,594,2.960,25064,0,2% 1% 1% 100%,2.966
binarytrees,jruby,5,20,1123,816.584,839360,0,94% 95% 95% 95%,216.683
binarytrees,php,4,20,945,673.928,957240,0,1% 1% 100% 96%,344.324
binarytrees,gnat,3,20,1342,115.704,331264,0,90% 91% 91% 93%,31.834
binarytrees,racket,3,20,877,0.000,22364,-10,0% 94% 15% 0%,0.479
binarytreesredux,java,2,20,607,253.400,134328,0,90% 83% 82% 89%,73.867
binarytreesredux,clojure,6,20,709,109.900,224596,0,50% 71% 61% 59%,46.038
binarytreesredux,ghc,1,20,521,24.980,71980,0,100% 1% 1% 0%,25.015
binarytreesredux,jruby,1,20,412,0.000,884412,-2,73% 74% 92% 73%,314.644
binarytreesredux,scala,4,20,498,257.636,135968,0,89% 81% 81% 89%,75.895
binarytreesredux,clojure,1,20,661,57.840,224676,0,47% 73% 61% 44%,25.904
binarytreesredux,sbcl,2,20,649,20.672,181248,0,98% 0% 3% 1%,20.700
chameneosredux,python3,2,6000000,866,394.520,4412,0,44% 45% 27% 26%,259.154
chameneosredux,sbcl,3,6000000,2907,3.208,36988,0,86% 99% 99% 87%,0.873
chameneosredux,java,2,6000000,1429,38.776,32744,0,77% 81% 72% 65%,13.309
chameneosredux,hipe,1,6000000,734,135.184,11292,0,50% 73% 72% 53%,55.255
chameneosredux,ocaml,1,6000000,1279,551.052,2028,0,33% 44% 43% 32%,330.864
chameneosredux,ghc,1,6000000,989,9.660,2472,0,81% 100% 2% 1%,5.306
chameneosredux,java,3,6000000,1267,26.780,34100,0,97% 96% 99% 44%,7.958
chameneosredux,gnat,5,6000000,2906,58.352,1620,0,93% 93% 93% 93%,16.093
chameneosredux,go,5,6000000,957,4.724,772,0,1% 1% 1% 100%,4.726
chameneosredux,csharp,1,6000000,1400,71.916,24336,0,83% 82% 76% 82%,22.741
chameneosredux,racket,1,6000000,791,343.096,62568,0,0% 0% 0% 100%,343.028
chameneosredux,gnat,2,6000000,6001,8.236,3656,0,96% 96% 99% 100%,2.114
chameneosredux,yarv,1,6000000,920,214.124,5596,0,35% 28% 28% 35%,140.147
chameneosredux,perl,4,6000000,785,792.340,6684,0,46% 19% 18% 46%,565.159
chameneosredux,gcc,2,6000000,1663,41.764,584,0,86% 72% 85% 90%,12.947
chameneosredux,scala,1,6000000,1271,0.000,0,-2,0% 21% 84% 11%,0.177
chameneosredux,gpp,5,6000000,1994,11.304,908,0,100% 100% 92% 92%,2.955
chameneosredux,ghc,4,6000000,989,11.440,2464,0,99% 100% 1% 1%,5.726
chameneosredux,clojure,1,6000000,1331,177.076,383924,0,30% 27% 26% 28%,151.144
chameneosredux,jruby,1,6000000,928,129.520,493988,0,57% 58% 60% 53%,56.589
chameneosredux,scala,2,6000000,1171,41.020,36936,0,72% 80% 71% 67%,14.330
chameneosredux,java,1,6000000,1770,5.756,25364,0,32% 24% 28% 29%,4.956
chameneosredux,gpp,1,6000000,2449,0.000,0,-11,%,0.000
chameneosredux,java,4,6000000,1607,19.820,17708,0,97% 100% 98% 59%,5.641
chameneosredux,ocaml,3,6000000,1146,1259.676,2880,0,10% 65% 64% 9%,802.432
chameneosredux,gcc,5,6000000,2863,2.540,568,0,98% 100% 100% 100%,0.643
fannkuchredux,gnat,3,12,2100,39.292,1656,0,100% 100% 100% 100%,9.871
fannkuchredux,python3,6,12,385,2623.972,4200,0,0% 0% 1% 100%,2624.724
fannkuchredux,jruby,2,12,1426,1435.728,640268,0,99% 97% 89% 93%,382.101
fannkuchredux,sbcl,5,12,674,61.700,22940,0,0% 0% 100% 1%,61.715
fannkuchredux,java,1,12,1282,68.044,15696,0,99% 99% 97% 99%,17.250
fannkuchredux,java,3,12,1633,40.908,16992,0,98% 99% 98% 99%,10.403
fannkuchredux,rust,1,12,644,70.620,37720,0,100% 100% 100% 99%,17.714
fannkuchredux,gpp,1,12,1059,0.000,0,-2,94% 0% 0% 6%,0.176
fannkuchredux,ifc,3,12,1148,66.888,8508,0,100% 100% 100% 100%,16.845
fannkuchredux,gcc,2,12,1557,54.772,344,0,91% 98% 100% 96%,14.240
fannkuchredux,racket,3,12,1096,332.656,17160,0,99% 100% 99% 100%,83.768
fannkuchredux,ghc,1,12,553,578.600,3768,0,71% 7% 7% 38%,472.109
fannkuchredux,fsharp,1,12,551,167.928,24652,0,17% 61% 19% 5%,167.886
fannkuchredux,gpp,4,12,1439,52.476,1036,0,100% 100% 99% 95%,13.365
fannkuchredux,fsharp,3,12,945,123.584,25400,0,94% 93% 92% 93%,33.174
fannkuchredux,sbcl,2,12,513,185.548,35636,0,13% 2% 100% 25%,185.675
fannkuchredux,racket,2,12,903,304.172,16876,0,0% 0% 30% 70%,304.113
fannkuchredux,php,3,12,1150,2847.176,10564,0,91% 93% 99% 100%,744.724
fannkuchredux,sbcl,3,12,821,69.400,16068,0,1% 0% 0% 100%,69.417
fannkuchredux,ghc,2,12,808,450.312,4996,0,79% 78% 78% 78%,144.587
fannkuchredux,racket,1,12,649,313.784,15364,0,0% 1% 41% 60%,313.734
fannkuchredux,scala,2,12,1017,73.888,19820,0,99% 99% 100% 97%,18.753
fannkuchredux,ats,2,12,1571,57.804,288,0,0% 1% 100% 0%,57.820
fannkuchredux,ifc,1,12,590,68.408,520,0,100% 0% 0% 0%,68.427
fannkuchredux,java,2,12,514,76.496,16164,0,0% 99% 1% 1%,76.455
fannkuchredux,csharp,5,12,1400,115.268,22160,0,96% 97% 97% 98%,29.725
fannkuchredux,gcc,4,12,1183,27.264,316,0,0% 0% 1% 100%,27.272
fannkuchredux,fpascal,1,12,1018,67.536,696,0,100% 100% 100% 100%,16.933
fannkuchredux,ocaml,4,12,1004,0.004,9268,0,100% 100% 100% 100%,33.567
fannkuchredux,clojure,2,12,1088,254.180,53444,0,85% 86% 86% 84%,74.045
fannkuchredux,hipe,1,12,1038,404.653,8180,0,95% 99% 99% 94%,104.744
fannkuchredux,ats,1,12,1306,58.276,288,0,0% 0% 0% 100%,58.293
fannkuchredux,scala,1,12,459,100.608,18988,0,0% 1% 100% 0%,100.549
fannkuchredux,php,1,12,482,3463.444,2576,0,0% 98% 3% 0%,3464.586
fannkuchredux,ocaml,2,12,473,71.100,596,0,0% 0% 0% 100%,71.123
fannkuchredux,ghc,4,12,658,87.456,1932,0,100% 2% 2% 2%,84.030
fannkuchredux,ocaml,1,12,524,140.648,592,0,0% 0% 0% 100%,140.690
fannkuchredux,gpp,6,12,894,36.504,284,0,0% 100% 0% 1%,36.517
fannkuchredux,yarv,1,12,384,3079.016,5288,0,0% 0% 0% 100%,3079.928
fannkuchredux,csharp,2,12,564,65.004,19472,0,100% 0% 0% 1%,65.020
fannkuchredux,python3,2,12,797,4000.056,27840,0,99% 99% 98% 100%,1012.055
fannkuchredux,ocaml,3,12,1017,0.004,18696,0,100% 100% 100% 100%,26.417
fannkuchredux,gcc,1,12,508,57.880,316,0,0% 100% 1% 1%,57.896
fannkuchredux,gpp,3,12,593,57.912,284,0,1% 0% 0% 100%,57.930
fannkuchredux,dart,2,12,495,79.444,14528,0,1% 1% 1% 100%,79.078
fannkuchredux,csharp,4,12,710,86.968,19728,0,0% 1% 100% 0%,86.992
fannkuchredux,gcc,3,12,567,47.976,316,0,0% 100% 1% 1%,47.992
fannkuchredux,sbcl,4,12,1518,61.244,26296,0,92% 99% 100% 98%,15.789
fannkuchredux,fsharp,4,12,612,72.600,19916,0,0% 1% 100% 0%,72.620
fannkuchredux,yarv,2,12,1426,5155.340,20804,0,100% 95% 98% 100%,1328.221
fannkuchredux,php,2,12,441,2715.580,2544,0,0% 0% 0% 100%,2716.447
fannkuchredux,go,1,12,900,104.436,772,0,100% 100% 100% 100%,26.185
fannkuchredux,perl,2,12,565,2489.004,6292,0,100% 100% 99% 100%,624.261
fannkuchredux,gpp,7,12,1150,27.272,284,0,0% 100% 0% 1%,27.280
fannkuchredux,jruby,1,12,384,890.908,620384,0,5% 41% 42% 22%,884.998
fannkuchredux,csharp,3,12,1096,113.288,21176,0,97% 95% 97% 98%,29.241
fannkuchredux,fsharp,2,12,548,105.904,22380,0,0% 1% 100% 0%,105.930
fannkuchredux,ghc,3,12,1153,64.452,3452,0,100% 100% 99% 94%,16.433
fannkuchredux,gpp,5,12,1440,50.032,1036,0,99% 99% 100% 99%,12.884
fannkuchredux,perl,1,12,457,2820.316,1752,0,100% 0% 0% 0%,2821.210
fannkuchredux,sbcl,1,12,1607,53.368,33640,0,99% 99% 100% 99%,13.498
fannkuchredux,csharp,1,12,520,90.472,20056,0,100% 1% 0% 1%,90.492
fannkuchredux,python3,1,12,1108,4391.304,27888,0,100% 99% 99% 98%,1107.278
fannkuchredux,ghc,5,12,834,76.568,3720,0,100% 96% 100% 99%,19.380
fannkuchredux,clojure,3,12,1491,148.896,48528,0,97% 98% 98% 98%,38.103
fasta,racket,1,25000000,1054,50.628,16364,0,0% 1% 100% 0%,50.623
fasta,ocaml,6,25000000,1161,0.000,0,-2,7% 6% 13% 100%,0.155
fasta,gcc,5,25000000,1261,3.292,284,0,2% 1% 1% 100%,3.294
fasta,gnat,5,25000000,2186,4.236,1208,0,0% 1% 1% 100%,4.238
fasta,csharp,4,25000000,1505,9.936,43800,0,1% 91% 1% 9%,9.945
fasta,scala,1,25000000,1080,10.388,20484,0,1% 85% 1% 16%,10.258
fasta,hipe,1,25000000,1039,95.098,8656,0,99% 0% 2% 0%,95.124
fasta,go,1,25000000,1036,16.452,772,0,0% 0% 100% 1%,16.454
fasta,ifc,1,25000000,1155,6.344,252,0,0% 0% 1% 100%,6.348
fasta,yarv,5,25000000,987,217.792,5284,0,36% 18% 33% 15%,221.457
fasta,ghc,4,25000000,1413,0.000,0,-10,10% 10% 100% 10%,0.097
fasta,perl,4,25000000,934,313.436,2280,0,1% 0% 100% 1%,313.573
fasta,fpascal,4,25000000,1112,7.928,8,0,0% 100% 1% 0%,7.933
fasta,yarv,2,25000000,732,270.964,176156,0,1% 59% 1% 41%,271.733
fasta,ghc,2,25000000,979,3.936,2464,0,4% 100% 3% 4%,3.662
fasta,gpp,1,25000000,1033,4.744,620,0,0% 100% 1% 2%,4.750
fasta,ghc,3,25000000,1408,12.588,1940,0,4% 4% 4% 100%,11.565
fasta,python3,2,25000000,788,241.564,4324,0,30% 24% 15% 33%,246.317
fasta,gnat,1,25000000,1346,9.092,1208,0,1% 0% 100% 1%,9.099
fasta,perl,1,25000000,838,116.396,99960,0,0% 94% 0% 7%,116.445
fasta,gpp,3,25000000,1286,4.212,872,0,0% 100% 0% 1%,4.218
fasta,racket,3,25000000,1276,13.904,17660,0,0% 0% 100% 0%,13.907
fasta,python3,1,25000000,792,248.608,4324,0,22% 24% 25% 31%,253.031
fasta,clojure,6,25000000,1653,11.036,50208,0,25% 79% 6% 5%,9.695
fasta,java,5,25000000,2457,5.344,29484,0,69% 75% 73% 96%,1.716
fasta,csharp,2,25000000,1180,7.504,19852,0,0% 1% 100% 0%,7.511
fasta,gpp,4,25000000,1266,6.556,284,0,0% 0% 1% 100%,6.562
fasta,gcc,1,25000000,1185,7.036,284,0,0% 100% 0% 1%,7.041
fasta,clojure,5,25000000,1839,12.612,53764,0,75% 23% 10% 6%,11.141
fasta,ocaml,3,25000000,1042,12.164,1656,0,1% 0% 1% 100%,12.172
fasta,sbcl,3,25000000,1579,11.632,5536,0,0% 1% 100% 0%,11.637
fasta,perl,5,25000000,1113,2.300,15308,0,0% 0% 100% 1%,2.303
fasta,php,2,25000000,1006,373.920,2592,0,39% 13% 5% 45%,377.676
fasta,ifc,3,25000000,1190,4.544,524,0,0% 0% 1% 100%,4.547
fasta,gpp,2,25000000,1105,4.276,620,0,0% 100% 0% 1%,4.280
fasta,dart,1,25000000,1386,9.448,18788,0,1% 1% 100% 1%,9.380
fasta,perl,2,25000000,886,434.152,2280,0,62% 0% 38% 0%,434.320
fasta,php,3,25000000,1030,148.940,2588,0,42% 27% 10% 21%,152.265
fasta,sbcl,6,25000000,1751,8.012,5780,0,1% 1% 0% 100%,8.016
fasta,gcc,2,25000000,1169,2.456,400,0,1% 100% 0% 1%,2.459
fasta,java,2,25000000,1240,7.920,16712,0,54% 1% 46% 1%,7.824
fasta,jruby,1,25000000,760,246.016,612796,0,23% 37% 31% 16%,241.841
fasta,gcc,4,25000000,1221,5.048,284,0,1% 100% 1% 1%,5.053
fasta,ifc,4,25000000,1327,3.180,260,0,0% 0% 2% 100%,3.185
fasta,ghc,1,25000000,1421,0.000,0,-10,100% 0% 0% 9%,0.105
fasta,sbcl,1,25000000,1419,14.740,23228,0,1% 0% 0% 100%,14.749
fasta,java,4,25000000,1507,5.132,16444,0,2% 1% 1% 100%,5.047
fasta,sbcl,2,25000000,1617,16.216,23212,0,1% 0% 0% 100%,16.225
fasta,hipe,2,25000000,1164,49.739,8788,0,0% 100% 0% 1%,49.749
fasta,yarv,4,25000000,904,218.284,190380,0,21% 34% 23% 25%,221.879
fasta,ats,1,25000000,2104,5.200,288,0,0% 0% 100% 1%,5.204
fasta,scala,3,25000000,1053,6.524,20372,0,91% 1% 11% 1%,6.408
fasta,fsharp,1,25000000,978,10.500,21768,0,100% 1% 0% 0%,10.506
fastaredux,gcc,2,25000000,1168,2.068,284,0,2% 100% 0% 0%,2.070
fastaredux,fsharp,2,25000000,1074,4.076,23032,0,0% 99% 2% 1%,4.079
fastaredux,go,3,25000000,1237,2.032,772,0,1% 0% 1% 100%,2.036
fastaredux,csharp,3,25000000,1441,2.744,20132,0,1% 3% 1% 99%,2.750
fastaredux,ifc,2,25000000,1369,3.384,512,0,1% 0% 100% 0%,3.389
fastaredux,clojure,6,25000000,1428,10.068,53260,0,91% 4% 6% 15%,8.832
fastaredux,fpascal,1,25000000,1227,4.776,8,0,1% 0% 1% 100%,4.781
fastaredux,scala,2,25000000,1372,4.384,24216,0,3% 1% 100% 4%,4.109
fastaredux,gpp,2,25000000,1474,2.164,620,0,1% 100% 0% 0%,2.170
fastaredux,php,4,25000000,1110,66.768,2596,0,1% 0% 0% 100%,66.787
fastaredux,perl,6,25000000,854,86.192,2288,0,1% 100% 0% 0%,86.223
fastaredux,perl,1,25000000,1112,210.288,2280,0,90% 0% 0% 11%,210.421
fastaredux,gpp,1,25000000,1470,3.004,620,0,1% 100% 0% 1%,3.007
fastaredux,gpp,5,25000000,1753,0.232,872,0,0% 100% 0% 8%,0.237
fastaredux,java,3,25000000,1443,2.028,15896,0,82% 19% 2% 2%,1.976
fastaredux,ats,4,25000000,2593,1.956,288,0,0% 0% 100% 1%,1.962
fastaredux,gnat,2,25000000,1909,1.992,1208,0,0% 1% 100% 2%,1.997
fastaredux,sbcl,4,25000000,2005,0.000,0,-10,9% 0% 100% 18%,0.112
fastaredux,csharp,1,25000000,1438,2.660,20096,0,1% 99% 1% 2%,2.663
fastaredux,scala,3,25000000,1435,3.440,17128,0,1% 1% 2% 100%,3.373
fastaredux,sbcl,5,25000000,2343,2.984,7880,0,2% 0% 100% 2%,2.990
fastaredux,clojure,5,25000000,1399,11.280,52448,0,7% 21% 8% 81%,10.019
fastaredux,gcc,5,25000000,1402,1.592,284,0,1% 1% 100% 0%,1.594
fastaredux,go,2,25000000,1236,2.032,772,0,0% 1% 99% 1%,2.035
fastaredux,python3,7,25000000,972,3.752,7928,0,1% 1% 2% 100%,3.755
fastaredux,python3,6,25000000,900,68.780,5648,0,1% 100% 0% 0%,68.812
fastaredux,gcc,3,25000000,1321,1.668,284,0,1% 1% 0% 100%,1.672
fastaredux,clojure,4,25000000,1503,11.044,51904,0,90% 6% 15% 7%,9.500
fastaredux,dart,1,25000000,1464,5.916,43328,0,1% 1% 99% 2%,5.887
fastaredux,yarv,6,25000000,772,175.588,195416,0,13% 24% 32% 33%,178.585
knucleotide,clojure,4,25000000,1944,187.848,984012,0,94% 66% 63% 70%,64.507
knucleotide,sbcl,5,25000000,2301,65.700,108804,0,1% 0% 100% 1%,65.766
knucleotide,hipe,1,25000000,930,0.000,1714908,-2,1% 87% 1% 10%,101.598
knucleotide,dart,1,25000000,595,287.736,345924,0,1% 3% 3% 96%,285.801
knucleotide,go,2,25000000,1531,153.660,267096,0,100% 90% 66% 64%,48.210
knucleotide,fsharp,4,25000000,1505,54.372,990732,0,82% 61% 57% 57%,21.254
knucleotide,sbcl,2,25000000,1277,162.328,363104,0,1% 100% 0% 1%,162.441
knucleotide,jruby,4,25000000,449,97.436,1952044,0,58% 5% 14% 33%,89.932
knucleotide,perl,4,25000000,472,234.920,1049332,0,81% 95% 65% 61%,78.198
knucleotide,php,4,25000000,1060,300.396,246884,0,78% 94% 84% 88%,87.704
knucleotide,ats,3,25000000,3810,54.991,159484,0,83% 81% 82% 98%,16.088
knucleotide,csharp,6,25000000,1433,41.456,90124,0,59% 66% 82% 62%,15.473
knucleotide,python3,2,25000000,624,126.372,351796,0,9% 10% 63% 93%,73.245
knucleotide,perl,1,25000000,648,242.068,1774668,0,82% 88% 85% 92%,69.887
knucleotide,scala,4,25000000,1287,0.000,0,-2,24% 0% 73% 22%,0.166
knucleotide,php,2,25000000,1141,55.408,247184,0,62% 65% 58% 91%,20.156
knucleotide,ats,2,25000000,3238,32.318,124132,0,0% 1% 100% 0%,32.333
knucleotide,hipe,3,25000000,932,367.655,864700,0,99% 48% 49% 72%,137.892
knucleotide,gpp,5,25000000,3416,9.072,45012,0,73% 66% 79% 91%,2.960
knucleotide,ifc,1,25000000,2238,122.784,166952,0,92% 0% 8% 0%,122.856
knucleotide,go,3,25000000,1399,0.000,252120,-10,98% 93% 93% 92%,19.443
knucleotide,clojure,6,25000000,1737,106.380,984528,0,83% 83% 70% 58%,36.210
knucleotide,gcc,9,25000000,1535,35.888,130756,0,94% 63% 91% 43%,12.375
knucleotide,sbcl,1,25000000,847,0.000,71028,-1,1% 1% 1% 2%,600.956
knucleotide,java,1,25000000,5211,14.164,183216,0,87% 95% 84% 89%,4.001
knucleotide,java,6,25000000,2115,19.220,155768,0,100% 1% 1% 1%,19.098
knucleotide,racket,2,25000000,842,0.000,284,-10,0% 92% 8% 0%,0.248
knucleotide,gpp,1,25000000,2106,0.000,0,-11,%,0.000
knucleotide,go,5,25000000,1268,50.764,270144,0,46% 45% 84% 93%,19.050
knucleotide,hipe,2,25000000,997,0.000,10088,-2,99% 0% 1% 1%,6.018
knucleotide,ghc,1,25000000,1693,429.012,264436,0,97% 96% 96% 97%,111.200
knucleotide,perl,3,25000000,507,280.164,1126916,0,95% 80% 70% 65%,90.606
knucleotide,racket,4,25000000,881,0.000,113444,-10,0% 1% 1% 100%,1.905
knucleotide,gcc,5,25000000,2519,48.272,277220,0,69% 90% 70% 99%,14.803
knucleotide,yarv,4,25000000,449,201.000,499252,0,0% 0% 0% 100%,201.083
knucleotide,gcc,4,25000000,2409,13.332,155000,0,85% 86% 87% 99%,3.760
knucleotide,csharp,2,25000000,1012,114.608,419128,0,1% 34% 46% 22%,114.620
knucleotide,sbcl,4,25000000,2272,65.408,109208,0,0% 1% 1% 100%,65.468
knucleotide,gpp,6,25000000,3415,11.624,132984,0,79% 94% 84% 77%,3.489
knucleotide,clojure,5,25000000,2723,42.648,369964,0,75% 73% 55% 54%,16.702
knucleotide,gcc,8,25000000,2040,16.164,125996,0,0% 100% 0% 0%,16.175
knucleotide,csharp,3,25000000,1404,88.124,323920,0,83% 63% 84% 80%,28.498
knucleotide,ifc,2,25000000,2079,70.680,158124,0,35% 42% 99% 68%,28.988
knucleotide,jruby,3,25000000,540,535.944,1194036,0,78% 68% 71% 87%,176.562
knucleotide,csharp,4,25000000,1696,102.868,517628,0,76% 77% 79% 93%,31.677
knucleotide,gnat,2,25000000,4865,21.180,273940,0,57% 81% 27% 55%,9.717
knucleotide,jruby,2,25000000,421,0.000,74016,-2,59% 49% 43% 90%,1.762
knucleotide,ocaml,3,25000000,1789,0.000,1652,-2,27% 1% 0% 33%,2.136
knucleotide,fsharp,3,25000000,1111,57.536,1003540,0,64% 61% 51% 60%,24.522
knucleotide,python3,8,25000000,647,488.500,364488,0,89% 60% 98% 56%,161.328
knucleotide,fsharp,1,25000000,701,239.884,653100,0,71% 78% 66% 70%,83.670
knucleotide,java,5,25000000,2211,81.232,178644,0,86% 32% 85% 24%,36.061
knucleotide,csharp,1,25000000,1420,110.256,521312,0,43% 54% 1% 4%,110.281
knucleotide,java,2,25000000,1602,49.704,909108,0,85% 96% 81% 86%,14.284
knucleotide,ghc,2,25000000,1965,70.528,260188,0,91% 91% 91% 98%,19.097
knucleotide,racket,1,25000000,542,219.872,1419712,0,96% 0% 1% 4%,220.013
knucleotide,clojure,7,25000000,3030,114.460,985792,0,84% 78% 60% 91%,36.683
knucleotide,yarv,3,25000000,540,867.548,161372,0,19% 31% 32% 20%,867.934
knucleotide,csharp,5,25000000,2445,179.396,334944,0,95% 83% 82% 83%,52.463
knucleotide,scala,6,25000000,1380,156.400,473524,0,95% 94% 94% 95%,41.507
knucleotide,perl,2,25000000,359,223.140,708152,0,65% 0% 0% 34%,226.160
knucleotide,scala,1,25000000,1625,0.000,8,-2,21% 11% 14% 89%,0.368
knucleotide,gnat,1,25000000,6503,10.564,407888,0,25% 82% 63% 60%,4.658
knucleotide,go,1,25000000,980,161.100,392272,0,91% 68% 80% 62%,54.135
knucleotide,fpascal,2,25000000,2383,46.216,130068,0,0% 100% 1% 1%,46.240
knucleotide,java,3,25000000,1630,45.332,923068,0,81% 83% 85% 99%,13.057
knucleotide,jruby,1,25000000,637,606.364,1060796,0,67% 85% 86% 66%,201.013
knucleotide,ocaml,1,25000000,870,0.000,10808,-2,4% 0% 1% 100%,0.819
knucleotide,gcc,7,25000000,2280,40.720,165800,0,90% 46% 96% 45%,14.770
knucleotide,java,4,25000000,1873,55.380,176976,0,97% 6% 6% 2%,54.368
knucleotide,gpp,3,25000000,1252,23.444,139136,0,76% 76% 78% 97%,7.215
knucleotide,ghc,3,25000000,2749,113.800,496020,0,59% 83% 61% 100%,37.676
knucleotide,python3,1,25000000,487,554.428,391748,0,1% 100% 0% 0%,554.649
knucleotide,yarv,1,25000000,637,844.552,128344,0,68% 94% 100% 67%,257.655
knucleotide,scala,2,25000000,2080,30.248,209660,0,74% 87% 54% 60%,11.001
knucleotide,php,1,25000000,1036,48.592,246968,0,4% 4% 90% 16%,43.108
knucleotide,ocaml,2,25000000,1205,0.000,5432,-2,0% 50% 50% 2%,0.818
knucleotide,sbcl,3,25000000,1284,161.756,364240,0,1% 0% 100% 1%,161.832
knucleotide,gcc,6,25000000,2439,53.440,163788,0,64% 97% 61% 97%,16.989
knucleotide,yarv,2,25000000,420,786.600,156256,0,0% 99% 1% 0%,787.102
mandelbrot,javasteady,3,16000,970,43.739,329112,0,100% 100% 100% 100%,10.967
mandelbrot,rust,1,16000,1386,0.000,0,-10,88% 75% 75% 89%,0.086
mandelbrot,racket,1,16000,517,106.660,15044,0,0% 1% 100% 0%,106.642
mandelbrot,ifc,1,16000,485,0.000,512,-10,0% 0% 100% 13%,0.226
mandelbrot,yarv,3,16000,307,3938.736,5284,0,28% 22% 21% 30%,3940.007
mandelbrot,gcc,6,16000,879,23.500,27440,0,100% 100% 100% 100%,5.890
mandelbrot,python3,2,16000,777,1837.412,7488,0,100% 94% 93% 94%,483.658
mandelbrot,csharp,4,16000,872,32.104,52668,0,98% 91% 91% 92%,8.649
mandelbrot,ifc,5,16000,508,56.888,32608,0,0% 0% 100% 0%,56.908
mandelbrot,gpp,8,16000,742,31.644,32112,0,100% 36% 37% 100%,11.673
mandelbrot,scala,3,16000,796,0.000,0,-2,0% 86% 0% 7%,0.145
mandelbrot,python3,5,16000,449,2387.860,28064,0,100% 100% 100% 100%,597.541
mandelbrot,gcc,8,16000,859,17.640,30848,0,100% 100% 100% 100%,4.423
mandelbrot,clojure,7,16000,1195,34.716,134808,0,94% 89% 88% 92%,9.602
mandelbrot,fpascal,2,16000,817,83.616,31948,0,95% 36% 41% 95%,31.493
mandelbrot,csharp,3,16000,701,45.300,52352,0,94% 93% 99% 94%,11.945
mandelbrot,ats,2,16000,1455,26.190,320,0,0% 0% 100% 0%,26.200
mandelbrot,gcc,2,16000,400,50.008,316,0,0% 1% 1% 100%,50.023
mandelbrot,yarv,4,16000,866,0.000,52952,-1,27% 24% 25% 27%,3605.324
mandelbrot,ocaml,1,16000,710,150.032,3736,0,100% 100% 100% 99%,37.708
mandelbrot,gpp,1,16000,1239,10.716,26456,0,100% 100% 100% 100%,2.691
mandelbrot,gcc,7,16000,994,22.836,31852,0,100% 100% 100% 100%,5.738
mandelbrot,clojure,6,16000,1069,58.356,86376,0,92% 92% 90% 90%,16.077
mandelbrot,csharp,2,16000,484,56.748,20372,0,100% 0% 0% 1%,56.765
mandelbrot,clojure,5,16000,1069,55.936,89652,0,3% 5% 84% 12%,54.325
mandelbrot,fpascal,3,16000,530,78.724,8,0,1% 100% 0% 0%,78.746
mandelbrot,gcc,3,16000,763,22.768,31568,0,100% 100% 100% 100%,5.717
mandelbrot,go,2,16000,837,43.404,34628,0,100% 100% 100% 100%,10.896
mandelbrot,gcc,1,16000,822,23.440,27692,0,100% 100% 100% 100%,5.876
mandelbrot,go,6,16000,700,48.300,32264,0,100% 100% 100% 100%,12.098
mandelbrot,java,1,16000,665,43.392,15652,0,23% 78% 1% 1%,43.363
mandelbrot,jruby,4,16000,866,2655.036,2234512,0,98% 98% 98% 98%,680.309
mandelbrot,gpp,5,16000,590,35.064,32060,0,1% 1% 0% 100%,35.070
mandelbrot,dart,1,16000,901,52.604,75276,0,38% 98% 39% 97%,19.360
mandelbrot,java,2,16000,796,27.168,73488,0,97% 97% 99% 98%,6.950
mandelbrot,gpp,3,16000,414,177.980,872,0,1% 14% 53% 34%,178.027
mandelbrot,yarv,2,16000,925,4392.272,88412,0,100% 100% 100% 100%,1099.954
mandelbrot,scala,4,16000,786,28.452,201012,0,96% 96% 99% 97%,7.356
mandelbrot,php,3,16000,863,1159.812,75728,0,100% 100% 100% 100%,290.979
mandelbrot,fpascal,4,16000,748,289.872,30980,0,100% 100% 100% 100%,72.593
mandelbrot,scala,2,16000,454,52.500,18636,0,5% 95% 0% 1%,52.424
mandelbrot,csharp,1,16000,798,46.468,52212,0,94% 93% 94% 99%,12.238
mandelbrot,ocaml,6,16000,444,85.804,1648,0,0% 95% 5% 0%,85.839
mandelbrot,python3,6,16000,1380,157.540,46160,0,94% 99% 95% 98%,40.943
mandelbrot,python3,3,16000,304,0.000,0,-2,0% 0% 0% 100%,0.031
mandelbrot,gcc,4,16000,799,22.608,28464,0,100% 100% 100% 100%,5.674
mandelbrot,gpp,7,16000,1017,23.456,32180,0,100% 100% 100% 100%,5.894
mandelbrot,gcc,9,16000,694,29.936,31852,0,95% 100% 95% 95%,7.773
mandelbrot,racket,3,16000,797,76.676,17636,0,0% 1% 100% 0%,76.662
mandelbrot,racket,4,16000,796,78.236,51112,0,99% 99% 100% 99%,19.757
mandelbrot,fsharp,4,16000,869,35.840,57520,0,91% 90% 97% 90%,9.747
mandelbrot,hipe,1,16000,534,393.849,662920,0,94% 92% 91% 92%,107.284
mandelbrot,ghc,2,16000,782,48.064,33272,0,100% 100% 100% 100%,12.044
mandelbrot,jruby,3,16000,307,1033.588,619024,0,24% 30% 26% 23%,1025.068
mandelbrot,racket,2,16000,585,95.776,16036,0,1% 0% 0% 100%,95.760
mandelbrot,fpascal,1,16000,820,83.600,31948,0,36% 100% 36% 95%,31.509
mandelbrot,yarv,5,16000,1019,0.000,53180,-10,100% 100% 100% 100%,1075.834
mandelbrot,ifc,3,16000,754,0.000,772,-10,24% 24% 27% 27%,0.211
mandelbrot,ifc,2,16000,813,0.000,291684,-10,0% 12% 88% 0%,49.442
mandelbrot,gpp,2,16000,687,40.140,32128,0,0% 100% 1% 0%,40.149
mandelbrot,csharp,6,16000,986,31.216,52928,0,91% 98% 91% 91%,8.429
mandelbrot,fpascal,5,16000,829,135.836,30560,0,100% 100% 100% 100%,34.043
mandelbrot,jruby,2,16000,925,6788.976,668756,0,99% 99% 99% 99%,1723.601
mandelbrot,scala,1,16000,724,50.916,49556,0,100% 98% 98% 98%,12.918
mandelbrot,gpp,9,16000,726,31.160,32180,0,96% 100% 96% 96%,8.078
mandelbrot,ats,1,16000,2148,24.654,28328,0,100% 100% 100% 100%,6.184
mandelbrot,perl,1,16000,579,3708.988,37660,0,100% 100% 100% 100%,928.360
mandelbrot,fsharp,3,16000,800,45.704,53164,0,93% 93% 99% 92%,12.146
mandelbrot,gpp,6,16000,1035,27.944,31852,0,100% 100% 100% 100%,7.016
mandelbrot,javasteady,6,16000,874,31.737,439064,0,100% 100% 100% 100%,7.961
mandelbrot,gnat,3,16000,1805,24.804,32480,0,100% 100% 100% 100%,6.239
mandelbrot,php,1,16000,443,1190.388,3124,0,29% 18% 2% 53%,1190.841
mandelbrot,ifc,4,16000,611,48.727,60388,0,96% 34% 96% 40%,18.409
mandelbrot,java,6,16000,802,30.440,69188,0,98% 97% 99% 98%,7.763
mandelbrot,gcc,5,16000,1026,7.528,16008,0,99% 99% 99% 99%,1.900
mandelbrot,scala,5,16000,589,43.688,85556,0,66% 68% 99% 42%,15.911
mandelbrot,fsharp,2,16000,1043,54.584,24436,0,85% 90% 91% 88%,15.512
mandelbrot,java,3,16000,903,42.252,69932,0,98% 98% 99% 98%,10.724
mandelbrot,sbcl,1,16000,2459,93.260,51940,0,99% 100% 80% 80%,26.068
mandelbrot,jruby,5,16000,1019,0.000,876324,-2,99% 98% 98% 97%,38.360
mandelbrot,sbcl,3,16000,888,75.500,46008,0,95% 33% 95% 38%,28.963
mandelbrot,gnat,2,16000,572,58.140,944,0,1% 0% 100% 0%,58.154
meteor,ocaml,1,2098,2156,0.768,2184,0,3% 0% 100% 1%,0.772
meteor,scala,1,2098,2088,0.000,0,-2,6% 80% 18% 7%,0.159
meteor,jruby,1,2098,2768,23.552,621100,0,32% 45% 82% 23%,13.047
meteor,gpp,6,2098,2620,0.052,0,0,%,0.000
meteor,gpp,1,2098,4343,0.112,0,0,0% 0% 0% 100%,0.117
meteor,jruby,2,2098,2786,21.044,626316,0,43% 30% 89% 50%,9.998
meteor,ghc,3,2098,1804,0.980,2724,0,6% 5% 100% 6%,0.854
meteor,perl,2,2098,1502,26.380,3084,0,0% 97% 4% 0%,26.393
meteor,gnat,1,2098,7416,0.084,0,0,0% 0% 0% 100%,0.088
meteor,gpp,4,2098,5330,0.072,0,0,0% 100% 0% 0%,0.074
meteor,java,1,2098,4368,0.980,17836,0,28% 6% 71% 8%,0.874
meteor,ghc,5,2098,2919,0.684,2468,0,13% 6% 11% 100%,0.558
meteor,yarv,2,2098,2786,7.448,6016,0,0% 1% 100% 0%,7.455
meteor,yarv,1,2098,2768,14.232,6312,0,0% 1% 100% 0%,14.242
meteor,perl,1,2098,1541,56.688,3088,0,0% 69% 31% 0%,56.722
meteor,ghc,2,2098,1891,1.124,2960,0,7% 99% 8% 8%,0.970
meteor,gpp,3,2098,4862,0.084,0,0,0% 11% 11% 100%,0.086
meteor,rust,3,2098,3235,0.196,0,0,70% 33% 44% 60%,0.095
meteor,ghc,4,2098,803,3.464,2964,0,3% 3% 2% 100%,3.199
meteor,gpp,2,2098,4080,0.236,876,0,4% 100% 0% 0%,0.239
meteor,gcc,1,2098,3066,0.104,0,0,0% 0% 0% 100%,0.107
meteor,rust,1,2098,3609,0.136,0,0,60% 80% 75% 80%,0.050
meteor,gpp,5,2098,5051,0.080,0,0,0% 0% 11% 100%,0.085
meteor,clojure,2,2098,3689,6.388,125212,0,43% 31% 49% 93%,2.975
meteor,fpascal,3,2098,5471,0.092,0,0,0% 0% 0% 100%,0.097
meteor,racket,1,2098,1907,2.312,16996,0,1% 1% 1% 100%,2.315
meteor,go,1,2098,2986,0.164,0,0,0% 0% 12% 89%,0.167
meteor,python3,3,2098,1206,10.284,4704,0,1% 100% 0% 0%,10.287
meteor,python3,2,2098,1311,8.428,4388,0,0% 100% 0% 1%,8.431
meteor,python3,1,2098,1442,10.816,4428,0,0% 100% 0% 1%,10.819
meteor,scala,4,2098,2532,0.000,0,-2,7% 6% 7% 100%,0.157
meteor,java,2,2098,5177,0.516,248,0,53% 30% 11% 86%,0.290
meteor,ghc,1,2098,2200,1.376,2708,0,7% 100% 9% 7%,1.199
nbody,clojure,2,50000000,1440,37.976,48068,0,2% 2% 3% 98%,36.712
nbody,sbcl,1,50000000,1363,46.400,5776,0,0% 0% 1% 100%,46.411
nbody,gnat,1,50000000,1608,26.068,1216,0,1% 1% 0% 100%,26.078
nbody,hipe,3,50000000,1399,162.902,8428,0,13% 87% 0% 0%,162.950
nbody,python3,1,50000000,1181,984.272,4252,0,0% 100% 0% 0%,984.531
nbody,perl,2,50000000,1401,1177.824,2280,0,24% 16% 61% 1%,1178.227
nbody,gcc,3,50000000,1208,21.028,336,0,0% 0% 1% 100%,21.037
nbody,gcc,4,50000000,1490,9.912,336,0,0% 0% 1% 100%,9.918
nbody,go,1,50000000,1310,27.168,772,0,1% 1% 0% 100%,27.166
nbody,ifc,1,50000000,1389,20.341,260,0,0% 0% 0% 100%,20.351
nbody,fpascal,2,50000000,1322,37.204,8,0,0% 1% 1% 100%,37.216
nbody,racket,1,50000000,1496,116.052,20788,0,0% 0% 0% 100%,116.062
nbody,dart,3,50000000,1420,48.068,14964,0,0% 1% 1% 100%,47.826
nbody,yarv,2,50000000,1137,1409.568,5280,0,0% 1% 100% 0%,1409.995
nbody,ifc,3,50000000,1299,22.893,256,0,0% 0% 0% 100%,22.901
nbody,gcc,1,50000000,1173,20.320,336,0,0% 100% 0% 1%,20.326
nbody,gpp,1,50000000,1659,20.256,336,0,0% 100% 1% 1%,20.261
nbody,gpp,3,50000000,1763,9.944,620,0,1% 100% 0% 0%,9.950
nbody,ghc,1,50000000,1706,30.932,2212,0,100% 2% 2% 2%,29.131
nbody,ghc,2,50000000,1874,24.996,2192,0,1% 1% 100% 1%,24.398
nbody,gpp,8,50000000,1544,9.084,336,0,0% 100% 1% 0%,9.088
nbody,gpp,2,50000000,2288,11.928,868,0,0% 1% 1% 100%,11.934
nbody,gcc,6,50000000,1180,20.672,336,0,0% 0% 1% 100%,20.681
nbody,fpascal,1,50000000,1308,34.692,8,0,1% 0% 100% 0%,34.702
nbody,sbcl,2,50000000,1398,38.428,5776,0,1% 4% 2% 100%,38.436
nbody,csharp,1,50000000,1403,39.268,20880,0,0% 1% 1% 100%,39.279
nbody,ifc,5,50000000,1659,8.572,260,0,1% 1% 100% 1%,8.578
nbody,jruby,2,50000000,1137,426.896,631144,0,23% 31% 35% 15%,420.624
nbody,csharp,2,50000000,1410,23.828,20680,0,0% 1% 100% 0%,23.836
nbody,gnat,5,50000000,2427,15.080,1212,0,1% 0% 0% 100%,15.088
nbody,gcc,5,50000000,1429,22.576,284,0,1% 100% 0% 1%,22.583
nbody,java,2,50000000,1424,24.504,15656,0,0% 100% 1% 0%,24.478
nbody,gpp,4,50000000,1428,22.240,284,0,0% 100% 0% 1%,22.249
nbody,gnat,3,50000000,1740,23.468,1216,0,1% 0% 1% 100%,23.477
nbody,fsharp,1,50000000,1259,26.028,28280,0,94% 7% 0% 1%,26.036
nbody,gpp,5,50000000,1749,12.756,868,0,0% 1% 1% 100%,12.761
nbody,fpascal,3,50000000,1418,47.180,8,0,0% 1% 1% 100%,47.192
nbody,scala,1,50000000,1358,23.552,19856,0,1% 99% 1% 1%,23.495
nbody,clojure,1,50000000,2162,29.392,46684,0,4% 3% 97% 3%,27.992
nbody,dart,2,50000000,1274,37.140,12992,0,1% 0% 100% 1%,36.864
nbody,ifc,4,50000000,1172,22.817,252,0,0% 0% 100% 0%,22.828
nbody,gpp,6,50000000,1668,20.480,336,0,0% 0% 1% 100%,20.490
nbody,javasteady,2,50000000,1498,24.452,14336,0,0% 0% 100% 0%,24.452
nbody,ifc,2,50000000,1496,20.049,520,0,0% 0% 0% 100%,20.056
nbody,racket,2,50000000,1689,56.036,17664,0,0% 0% 1% 100%,56.039
nbody,gcc,2,50000000,1263,22.700,336,0,0% 0% 1% 100%,22.708
nbody,csharp,5,50000000,1485,0.000,264,-2,49% 3% 51% 3%,0.358
nbody,ats,2,50000000,1920,20.645,320,0,0% 0% 0% 100%,20.653
nbody,csharp,3,50000000,1305,22.572,20748,0,100% 0% 0% 1%,22.581
nbody,php,3,50000000,1082,741.540,2596,0,0% 38% 62% 0%,741.838
nbody,csharp,7,50000000,1539,0.000,19276,-2,4% 0% 30% 61%,0.673
nbody,rust,1,50000000,1371,26.092,4924,0,0% 1% 100% 0%,26.097
nbody,csharp,6,50000000,1289,25.416,20692,0,0% 1% 100% 0%,25.426
nbody,gpp,7,50000000,1545,9.096,336,0,0% 0% 1% 100%,9.103
nbody,ocaml,1,50000000,1239,49.916,596,0,0% 0% 0% 100%,49.933
nbody,csharp,4,50000000,1461,0.000,268,-2,47% 5% 51% 3%,0.359
pidigits,javasteady,2,10000,983,5.282,37840,0,0% 0% 0% 100%,5.279
pidigits,python3,4,10000,248,0.000,0,-2,0% 10% 33% 63%,0.087
pidigits,fpascal,1,10000,3042,41.304,652,0,1% 0% 0% 100%,41.317
pidigits,csharp,3,10000,1026,4.440,20868,0,99% 0% 1% 2%,4.446
pidigits,go,2,10000,674,7.476,3556,0,1% 2% 100% 1%,7.173
pidigits,php,4,10000,384,2.796,3576,0,0% 0% 1% 100%,2.802
pidigits,yarv,2,10000,653,0.000,0,-2,25% 0% 0% 67%,0.089
pidigits,python3,3,10000,521,6.152,5480,0,0% 100% 1% 0%,6.157
pidigits,ocaml,1,10000,560,3.804,5700,0,0% 0% 1% 100%,3.809
pidigits,python3,1,10000,242,13.448,4928,0,2% 3% 1% 100%,13.454
pidigits,dart,1,10000,321,39.520,40396,0,1% 0% 100% 1%,39.267
pidigits,gcc,4,10000,541,2.672,1120,0,0% 100% 0% 1%,2.677
pidigits,fsharp,1,10000,513,79.184,55160,0,36% 41% 24% 0%,79.264
pidigits,python3,2,10000,256,3.052,5332,0,1% 1% 0% 100%,3.059
pidigits,javasteady,4,10000,1851,9.083,107832,0,45% 40% 38% 42%,5.380
pidigits,perl,2,10000,385,6.200,3660,0,0% 1% 0% 100%,6.206
pidigits,yarv,1,10000,518,21.620,238196,0,1% 0% 100% 1%,21.657
pidigits,jruby,3,10000,242,21.388,615840,0,17% 13% 70% 31%,16.499
pidigits,scala,2,10000,632,11.496,370132,0,15% 68% 32% 6%,9.593
pidigits,scala,3,10000,479,28.304,1101536,0,50% 12% 12% 53%,22.271
pidigits,hipe,2,10000,512,24.194,21200,0,78% 0% 5% 22%,23.203
pidigits,racket,1,10000,453,28.276,112068,0,0% 0% 0% 100%,28.305
pidigits,ats,3,10000,1154,2.736,1124,0,0% 0% 100% 0%,2.741
pidigits,php,1,10000,736,556.500,5364,0,88% 0% 0% 12%,556.730
pidigits,gpp,3,10000,682,2.680,1452,0,0% 0% 1% 100%,2.683
pidigits,ocaml,2,10000,510,16.604,4572,0,1% 74% 26% 0%,16.620
pidigits,ats,2,10000,942,2.732,860,0,0% 0% 1% 100%,2.735
pidigits,ifc,1,10000,1768,0.000,1204,-10,0% 0% 100% 0%,23.907
pidigits,csharp,2,10000,856,59.648,47972,0,1% 34% 66% 1%,59.711
pidigits,java,1,10000,800,27.072,369760,0,20% 32% 29% 25%,26.112
pidigits,clojure,4,10000,1794,9.940,387296,0,21% 74% 10% 43%,6.811
pidigits,clojure,5,10000,1944,6.564,65604,0,13% 92% 7% 16%,5.226
pidigits,perl,3,10000,301,0.000,2832,-10,0% 100% 4% 4%,0.561
pidigits,yarv,3,10000,242,11.072,72012,0,1% 0% 1% 100%,11.090
pidigits,ifc,2,10000,934,2.740,1476,0,0% 0% 100% 1%,2.743
pidigits,perl,1,10000,452,17.164,4920,0,0% 0% 2% 100%,17.176
pidigits,racket,2,10000,1122,3.084,18472,0,0% 1% 100% 1%,3.088
pidigits,hipe,1,10000,559,24.686,18836,0,1% 69% 31% 0%,24.701
pidigits,fpascal,2,10000,785,3.752,852,0,1% 100% 0% 1%,3.757
pidigits,ocaml,3,10000,869,13.508,4548,0,1% 0% 0% 100%,13.519
pidigits,php,2,10000,537,4.552,3912,0,0% 1% 1% 100%,4.555
pidigits,java,2,10000,938,4.148,18352,0,16% 84% 1% 1%,4.038
pidigits,php,5,10000,394,2.784,3412,0,0% 0% 1% 100%,2.790
pidigits,ghc,4,10000,341,4.948,6152,0,14% 15% 100% 13%,3.488
pidigits,java,3,10000,1826,12.880,42436,0,71% 66% 66% 69%,4.792
pidigits,rust,1,10000,691,20.444,4496,0,0% 0% 1% 100%,20.455
pidigits,gcc,1,10000,448,2.488,856,0,3% 100% 1% 0%,2.494
pidigits,ocaml,4,10000,1481,11.548,1912,0,1% 0% 0% 100%,11.555
pidigits,yarv,5,10000,478,3.988,639680,0,2% 100% 16% 5%,3.996
pidigits,perl,4,10000,261,5.464,3600,0,0% 1% 100% 0%,5.470
pidigits,php,3,10000,500,2.884,3644,0,0% 0% 1% 100%,2.889
pidigits,jruby,1,10000,518,36.256,646964,0,30% 31% 18% 56%,27.459
pidigits,gnat,2,10000,1254,2.676,1784,0,1% 0% 0% 100%,2.682
pidigits,clojure,2,10000,571,31.208,383048,0,27% 37% 25% 25%,27.518
pidigits,clojure,3,10000,482,34.256,386548,0,30% 28% 36% 27%,28.679
pidigits,ats,1,10000,671,4.232,1024,0,0% 0% 0% 100%,4.237
pidigits,fsharp,3,10000,903,4.396,20864,0,99% 0% 2% 0%,4.401
pidigits,ifc,3,10000,975,2.860,1476,0,1% 0% 0% 100%,2.863
pidigits,sbcl,2,10000,645,31.552,54160,0,0% 1% 1% 100%,31.598
pidigits,java,4,10000,1808,13.144,42212,0,69% 65% 69% 74%,4.789
pidigits,go,4,10000,607,7.504,3480,0,5% 5% 4% 100%,7.192
pidigits,gnat,1,10000,1143,3.756,1784,0,1% 1% 100% 0%,3.759
pidigits,sbcl,1,10000,1073,2.768,6476,0,0% 2% 1% 100%,2.773
pidigits,scala,1,10000,355,0.000,0,-2,63% 19% 6% 25%,0.164
pidigits,scala,4,10000,1125,4.588,42364,0,65% 6% 39% 9%,3.906
pidigits,yarv,4,10000,240,11.060,72388,0,1% 1% 0% 100%,11.079
pidigits,jruby,4,10000,240,21.016,608068,0,77% 13% 21% 18%,16.498
regexdna,go,8,5000000,785,84.796,1328428,0,96% 77% 77% 81%,25.699
regexdna,gpp,3,5000000,844,30.844,177740,0,94% 1% 60% 1%,19.979
regexdna,jruby,6,5000000,442,59.196,927640,0,32% 5% 43% 31%,53.683
regexdna,gpp,1,5000000,648,5.344,186252,0,1% 0% 1% 100%,5.353
regexdna,csharp,1,5000000,624,74.724,1019140,0,1% 97% 0% 4%,74.753
regexdna,python3,5,5000000,424,23.956,247792,0,0% 1% 1% 100%,23.974
regexdna,python3,1,5000000,478,23.808,248260,0,37% 72% 45% 64%,11.013
regexdna,fpascal,1,5000000,1199,21.632,117860,0,1% 0% 0% 100%,21.643
regexdna,racket,2,5000000,536,0.000,0,-10,5% 0% 0% 100%,0.193
regexdna,perl,4,5000000,440,86.176,189272,0,49% 0% 0% 51%,86.212
regexdna,java,5,5000000,929,26.444,713236,0,80% 66% 77% 65%,9.201
regexdna,go,2,5000000,789,47.016,1417832,0,74% 79% 73% 65%,16.264
regexdna,ocaml,4,5000000,1050,0.000,0,-2,25% 0% 100% 0%,0.026
regexdna,perl,2,5000000,527,34.560,140296,0,36% 77% 59% 78%,13.842
regexdna,gcc,1,5000000,2579,6.200,287900,0,46% 70% 51% 74%,2.592
regexdna,fsharp,1,5000000,639,89.880,982748,0,90% 80% 80% 80%,27.289
regexdna,ocaml,2,5000000,615,0.000,0,-2,14% 0% 0% 100%,0.069
regexdna,php,2,5000000,449,34.548,221796,0,0% 1% 1% 100%,34.566
regexdna,php,1,5000000,788,12.140,215748,0,62% 47% 57% 82%,10.767
regexdna,gcc,2,5000000,1099,30.184,125892,0,0% 1% 0% 100%,30.198
regexdna,csharp,6,5000000,638,86.712,344632,0,58% 70% 58% 66%,34.535
regexdna,gcc,4,5000000,1525,23.836,91552,0,63% 66% 72% 100%,7.933
regexdna,ats,2,5000000,3474,27.694,215940,0,92% 92% 100% 94%,7.348
regexdna,php,4,5000000,832,26.736,150664,0,60% 53% 95% 70%,9.651
regexdna,yarv,1,5000000,308,57.268,319148,0,0% 0% 0% 100%,57.291
regexdna,ocaml,1,5000000,1502,0.000,352,-2,21% 0% 0% 31%,0.300
regexdna,hipe,7,5000000,1198,8.209,261992,0,65% 67% 83% 64%,2.960
regexdna,gnat,6,5000000,3740,23.904,105356,0,70% 69% 65% 100%,7.912
regexdna,fsharp,3,5000000,870,72.408,2413600,0,75% 78% 67% 76%,24.605
regexdna,java,7,5000000,1284,21.252,558500,0,97% 2% 4% 1%,20.934
regexdna,jruby,5,5000000,343,47.668,909128,0,13% 90% 5% 7%,42.283
regexdna,racket,1,5000000,527,39.856,669612,0,1% 1% 1% 100%,39.848
regexdna,scala,3,5000000,633,0.000,292,-2,45% 34% 42% 70%,0.387
regexdna,yarv,2,5000000,417,42.840,348968,0,15% 19% 21% 46%,42.857
regexdna,php,3,5000000,459,26.484,212432,0,0% 0% 0% 100%,26.502
regexdna,clojure,3,5000000,710,49.012,901928,0,29% 60% 62% 40%,25.895
regexdna,sbcl,3,5000000,1948,42.528,826988,0,40% 39% 88% 40%,20.712
regexdna,clojure,4,5000000,707,28.516,634928,0,72% 75% 72% 97%,9.020
regexdna,gnat,5,5000000,3492,17.864,171940,0,79% 70% 73% 98%,5.614
regexdna,ghc,2,5000000,1518,33.448,200392,0,96% 93% 96% 98%,8.755
regexdna,ocaml,3,5000000,1014,0.000,0,-2,0% 0% 0% 100%,0.068
regexdna,csharp,2,5000000,594,73.800,327168,0,55% 15% 31% 0%,73.810
regexdna,jruby,2,5000000,417,62.992,2003700,0,57% 63% 82% 64%,23.751
regexdna,jruby,1,5000000,308,93.448,2101424,0,14% 89% 4% 5%,85.069
regexdna,java,6,5000000,1410,0.000,75444,-2,76% 69% 80% 85%,0.987
regexdna,hipe,1,5000000,622,0.000,8108,-1,0% 0% 0% 0%,600.892
regexdna,yarv,3,5000000,501,42.904,271304,0,37% 41% 100% 38%,19.903
regexdna,ats,1,5000000,2482,27.442,162772,0,0% 0% 100% 0%,27.458
regexdna,scala,2,5000000,668,36.340,864252,0,46% 68% 41% 68%,16.401
regexdna,yarv,5,5000000,343,35.936,103552,0,0% 0% 100% 0%,35.950
regexdna,dart,2,5000000,648,0.000,62372,-1,8% 88% 6% 1%,600.998
regexdna,rust,1,5000000,878,46.744,234528,0,80% 59% 63% 83%,16.830
regexdna,perl,7,5000000,567,4.728,140028,0,16% 16% 13% 96%,3.405
regexdna,scala,1,5000000,611,39.008,747980,0,18% 61% 5% 29%,35.115
regexdna,java,2,5000000,1534,39.156,710748,0,79% 70% 74% 92%,12.471
regexdna,fsharp,2,5000000,413,75.176,1472528,0,1% 99% 0% 1%,75.209
regexdna,go,7,5000000,652,85.376,1217964,0,4% 1% 97% 1%,84.450
regexdna,hipe,6,5000000,1058,185.540,208572,0,82% 97% 95% 80%,52.362
regexdna,scala,4,5000000,723,0.000,304,-2,13% 15% 13% 93%,0.398
regexdna,scala,5,5000000,1704,30.328,461412,0,86% 82% 96% 83%,8.778
regexdna,java,3,5000000,2084,8.600,257536,0,54% 76% 75% 54%,3.338
regexdna,jruby,3,5000000,501,62.600,2049368,0,61% 60% 63% 84%,23.378
regexdna,gpp,4,5000000,1759,13.816,95176,0,90% 97% 51% 59%,4.685
regexdna,yarv,6,5000000,442,28.268,162528,0,0% 0% 0% 100%,28.279
regexdna,perl,6,5000000,477,4.968,188520,0,1% 0% 0% 100%,4.975
regexdna,gpp,2,5000000,695,5.380,171652,0,1% 65% 76% 2%,3.831
regexdna,go,1,5000000,733,153.324,1328916,0,75% 85% 71% 83%,49.002
regexdna,java,4,5000000,921,25.824,725364,0,92% 6% 3% 7%,24.241
regexdna,sbcl,1,5000000,591,0.000,1499868,-1,0% 7% 0% 0%,600.980
revcomp,go,3,25000000,543,1.792,163280,0,1% 3% 2% 99%,1.793
revcomp,sbcl,1,25000000,896,2.812,251104,0,0% 1% 0% 100%,2.816
revcomp,gpp,1,25000000,571,3.680,247044,0,1% 0% 2% 100%,3.687
revcomp,fpascal,2,25000000,751,2.056,124428,0,0% 1% 0% 100%,2.063
revcomp,gnat,1,25000000,885,4.028,125464,0,1% 0% 1% 100%,4.034
revcomp,jruby,2,25000000,255,25.096,1166576,0,14% 12% 85% 18%,19.646
revcomp,python3,5,25000000,306,4.756,471320,0,1% 1% 2% 100%,4.768
revcomp,java,1,25000000,476,1.904,512576,0,2% 97% 3% 3%,1.878
revcomp,gpp,2,25000000,1082,1.288,246996,0,0% 3% 1% 100%,1.294
revcomp,gcc,1,25000000,1867,1.052,496836,0,13% 87% 32% 23%,0.700
revcomp,ocaml,3,25000000,1314,0.000,12644,0,52% 57% 83% 67%,0.890
revcomp,ocaml,2,25000000,394,4.492,171972,0,0% 16% 84% 0%,4.502
revcomp,ifc,2,25000000,772,8.277,167656,0,0% 0% 0% 100%,8.297
revcomp,go,2,25000000,546,1.980,163232,0,1% 0% 99% 1%,1.982
revcomp,racket,1,25000000,547,13.580,506864,0,0% 1% 100% 0%,13.587
revcomp,php,1,25000000,297,7.924,370544,0,0% 13% 88% 0%,7.950
revcomp,scala,6,25000000,519,0.000,985284,-2,47% 56% 40% 29%,35.753
revcomp,dart,3,25000000,551,19.436,1174880,0,2% 1% 100% 2%,18.959
revcomp,python3,4,25000000,325,6.532,781144,0,0% 1% 0% 100%,6.547
revcomp,scala,8,25000000,761,2.196,512996,0,92% 6% 33% 2%,1.693
revcomp,gcc,4,25000000,704,1.288,125132,0,0% 1% 3% 100%,1.294
revcomp,dart,2,25000000,555,29.480,1103244,0,1% 1% 1% 100%,28.970
revcomp,java,4,25000000,592,3.136,478080,0,3% 98% 2% 3%,3.042
revcomp,yarv,2,25000000,255,10.612,127848,0,0% 0% 100% 1%,10.623
revcomp,php,2,25000000,262,7.832,443496,0,0% 100% 0% 0%,7.849
revcomp,csharp,1,25000000,1099,2.552,175888,0,1% 79% 1% 21%,2.557
revcomp,python3,3,25000000,295,24.624,921520,0,0% 0% 1% 100%,24.645
revcomp,ats,2,25000000,1895,1.076,122596,0,3% 1% 5% 99%,1.079
revcomp,clojure,4,25000000,997,8.024,446884,0,49% 8% 11% 58%,6.499
revcomp,ghc,3,25000000,999,1.544,125956,0,3% 6% 4% 100%,1.450
revcomp,hipe,1,25000000,1302,21.657,762600,0,80% 40% 26% 40%,11.706
revcomp,gpp,4,25000000,2275,1.148,247008,0,11% 87% 30% 29%,0.747
revcomp,gpp,3,25000000,810,1.316,124956,0,2% 3% 2% 100%,1.321
revcomp,ocaml,1,25000000,1064,0.000,25448,0,6% 26% 66% 61%,2.061
revcomp,scala,5,25000000,329,0.000,827160,-2,43% 24% 46% 30%,38.849
revcomp,csharp,3,25000000,863,6.084,213508,0,87% 1% 13% 1%,6.090
revcomp,perl,3,25000000,284,3.036,374472,0,0% 1% 1% 100%,3.046
revcomp,scala,4,25000000,501,2.484,406492,0,2% 2% 98% 5%,2.411
revcomp,hipe,3,25000000,624,61.048,1030104,0,4% 0% 1% 99%,58.748
revcomp,scala,7,25000000,949,5.464,797764,0,46% 65% 38% 30%,3.108
revcomp,clojure,1,25000000,1044,6.432,405164,0,11% 6% 98% 12%,5.086
revcomp,java,3,25000000,1661,3.164,296136,0,77% 24% 39% 58%,1.633
revcomp,gnat,2,25000000,3220,1.548,200616,0,1% 41% 1% 94%,1.154
revcomp,ifc,1,25000000,1013,1.024,246460,0,1% 0% 1% 100%,1.035
revcomp,hipe,4,25000000,1167,45.051,689368,0,77% 22% 9% 17%,36.657
revcomp,clojure,5,25000000,727,6.632,562080,0,8% 54% 12% 74%,4.557
revcomp,java,7,25000000,1640,2.700,264912,0,28% 28% 18% 45%,7.310
revcomp,gpp,5,25000000,646,25.116,188568,0,0% 0% 1% 100%,25.128
revcomp,java,6,25000000,745,2.008,513220,0,84% 30% 3% 3%,1.740
revcomp,ghc,2,25000000,919,3.152,618320,0,77% 5% 27% 5%,2.845
revcomp,racket,2,25000000,1026,4.476,172548,0,1% 1% 100% 1%,4.481
revcomp,go,1,25000000,1243,2.184,249572,0,13% 1% 100% 2%,1.913
revcomp,ocaml,4,25000000,2064,1.664,127580,0,0% 1% 1% 100%,1.668
revcomp,clojure,3,25000000,812,7.724,555744,0,9% 86% 18% 8%,6.498
revcomp,gcc,2,25000000,741,0.840,250384,0,14% 76% 21% 41%,0.584
spectralnorm,ats,1,5500,1138,20.681,608,0,0% 0% 100% 0%,20.689
spectralnorm,scala,2,5500,720,16.612,19928,0,94% 95% 99% 94%,4.349
spectralnorm,scala,1,5500,404,16.044,18536,0,99% 1% 0% 2%,15.971
spectralnorm,scala,3,5500,982,0.000,248,-2,13% 43% 13% 57%,0.227
spectralnorm,jruby,2,5500,776,772.744,611560,0,98% 98% 98% 98%,197.757
spectralnorm,ifc,3,5500,638,7.912,1296,0,99% 99% 99% 99%,2.004
spectralnorm,gpp,2,5500,1330,16.636,640,0,100% 100% 100% 100%,4.185
spectralnorm,python3,2,5500,233,12.148,479764,0,0% 100% 1% 1%,12.163
spectralnorm,ats,4,5500,2507,10.609,608,0,99% 99% 99% 97%,2.697
spectralnorm,gpp,6,5500,1044,7.972,924,0,100% 100% 100% 100%,2.007
spectralnorm,dart,1,5500,457,22.040,15244,0,0% 1% 100% 1%,21.943
spectralnorm,gcc,5,5500,569,7.896,644,0,100% 100% 100% 100%,1.985
spectralnorm,perl,4,5500,551,212.568,6780,0,97% 98% 98% 99%,54.350
spectralnorm,python3,3,5500,379,101.296,957348,0,0% 0% 1% 100%,101.807
spectralnorm,ghc,2,5500,403,106.484,3784,0,63% 65% 65% 100%,36.420
spectralnorm,yarv,4,5500,326,726.348,5436,0,99% 0% 0% 1%,726.784
spectralnorm,gpp,5,5500,1044,7.972,924,0,100% 100% 100% 100%,2.004
spectralnorm,gpp,8,5500,1278,13.528,644,0,100% 100% 100% 100%,3.399
spectralnorm,clojure,6,5500,808,42.312,45320,0,97% 90% 91% 91%,11.457
spectralnorm,jruby,1,5500,292,389.624,626968,0,23% 22% 23% 35%,383.782
spectralnorm,java,2,5500,950,16.560,16460,0,96% 96% 99% 96%,4.287
spectralnorm,python3,6,5500,328,935.756,5012,0,0% 9% 91% 1%,936.090
spectralnorm,gnat,1,5500,710,21.756,1212,0,1% 0% 1% 100%,21.763
spectralnorm,fpascal,1,5500,423,15.760,8,0,1% 1% 0% 100%,15.766
spectralnorm,go,3,5500,536,15.696,1292,0,99% 99% 99% 99%,3.954
spectralnorm,perl,2,5500,343,1066.840,3076,0,99% 0% 0% 1%,1067.173
spectralnorm,ifc,2,5500,513,7.848,780,0,1% 1% 2% 100%,7.855
spectralnorm,ocaml,3,5500,938,18.244,3232,0,87% 97% 95% 85%,5.272
spectralnorm,scala,4,5500,1006,0.000,248,-2,88% 0% 8% 21%,0.238
spectralnorm,fsharp,2,5500,852,32.644,24168,0,79% 71% 81% 73%,10.747
spectralnorm,go,2,5500,668,15.764,1296,0,96% 96% 96% 96%,4.112
spectralnorm,yarv,3,5500,828,643.776,26908,0,97% 97% 97% 97%,166.289
spectralnorm,gnat,3,5500,1702,15.720,1616,0,99% 99% 99% 99%,3.982
spectralnorm,gcc,1,5500,383,20.732,364,0,0% 100% 1% 1%,20.739
spectralnorm,python3,5,5500,437,1026.656,30260,0,99% 99% 99% 99%,258.419
spectralnorm,racket,3,5500,627,22.940,19540,0,95% 95% 98% 95%,5.996
spectralnorm,sbcl,1,5500,625,23.780,8824,0,1% 1% 0% 100%,23.790
spectralnorm,yarv,1,5500,292,652.248,7920,0,0% 0% 0% 100%,652.502
spectralnorm,csharp,1,5500,459,30.100,21212,0,0% 1% 1% 100%,30.110
spectralnorm,python3,8,5500,449,1046.180,4336,0,0% 0% 1% 100%,1046.467
spectralnorm,gcc,3,5500,463,15.744,644,0,100% 100% 100% 100%,3.948
spectralnorm,ifc,1,5500,568,7.932,1316,0,99% 99% 100% 99%,2.004
spectralnorm,hipe,1,5500,507,56.684,14912,0,100% 0% 0% 0%,56.686
spectralnorm,clojure,7,5500,762,42.764,46568,0,91% 95% 94% 90%,11.560
spectralnorm,jruby,4,5500,326,297.724,605212,0,18% 38% 33% 15%,292.357
spectralnorm,csharp,2,5500,1063,32.376,21552,0,98% 89% 90% 90%,8.820
spectralnorm,clojure,8,5500,918,42.176,48724,0,93% 93% 91% 99%,11.236
spectralnorm,gnat,4,5500,2762,9.404,1880,0,99% 98% 97% 98%,2.398
spectralnorm,gcc,2,5500,669,2.276,236808,0,0% 2% 1% 100%,2.281
spectralnorm,java,1,5500,514,16.500,16968,0,0% 1% 100% 0%,16.442
spectralnorm,go,1,5500,411,20.812,1032,0,0% 1% 98% 3%,20.807
spectralnorm,ghc,4,5500,984,15.704,1420,0,97% 97% 97% 98%,4.040
spectralnorm,perl,1,5500,333,229.812,3860,0,96% 0% 0% 4%,229.891
spectralnorm,hipe,2,5500,747,45.011,14436,0,99% 98% 98% 98%,11.510
spectralnorm,php,3,5500,1193,430.108,14372,0,99% 99% 99% 99%,108.855
spectralnorm,perl,3,5500,846,1068.380,7976,0,100% 99% 99% 100%,269.357
spectralnorm,sbcl,2,5500,906,15.968,19208,0,96% 95% 95% 97%,4.186
spectralnorm,ocaml,2,5500,377,18.848,1660,0,1% 0% 0% 100%,18.857
spectralnorm,racket,2,5500,532,28.172,17904,0,0% 0% 9% 92%,28.170
spectralnorm,sbcl,3,5500,883,23.452,20336,0,97% 96% 97% 97%,6.088
spectralnorm,gpp,7,5500,1283,8.072,924,0,100% 100% 100% 100%,2.030
spectralnorm,gcc,4,5500,1139,10.668,380,0,100% 100% 100% 100%,2.678
spectralnorm,php,2,5500,397,411.604,4688,0,0% 0% 1% 100%,411.741
spectralnorm,racket,1,5500,446,31.140,16892,0,0% 1% 100% 0%,31.134
spectralnorm,gpp,1,5500,452,28.464,872,0,0% 100% 1% 1%,28.475
threadring,yarv,2,50000000,215,1750.404,15584,0,33% 25% 26% 35%,1259.404
threadring,java,7,50000000,473,499.136,21876,0,26% 27% 27% 26%,373.959
threadring,csharp,2,50000000,591,770.612,26312,0,33% 32% 31% 31%,540.447
threadring,gcc,3,50000000,916,155.028,2596,0,100% 1% 1% 0%,155.078
threadring,java,3,50000000,530,503.464,286340,0,26% 26% 26% 25%,390.174
threadring,scala,1,50000000,296,0.000,0,-2,0% 73% 21% 13%,0.142
threadring,go,5,50000000,405,11.480,2884,0,1% 0% 100% 1%,11.482
threadring,gcc,1,50000000,487,345.576,7504,0,28% 31% 31% 30%,277.538
threadring,gpp,2,50000000,588,350.640,7512,0,21% 20% 24% 24%,288.539
threadring,csharp,1,50000000,476,867.948,23212,0,45% 45% 47% 48%,433.836
threadring,gpp,1,50000000,636,403.952,3016,0,30% 29% 24% 24%,296.045
threadring,fsharp,4,50000000,267,2.604,25636,0,0% 98% 2% 1%,2.610
threadring,hipe,1,50000000,273,0.000,548,-2,5% 2% 33% 67%,0.401
threadring,fsharp,3,50000000,329,18.952,33904,0,1% 54% 20% 27%,18.949
threadring,ats,1,50000000,1065,267.905,4532,0,1% 38% 38% 1%,266.672
threadring,sbcl,1,50000000,618,463.940,1222756,0,29% 25% 24% 29%,357.867
threadring,gnat,1,50000000,602,1032.992,16812,0,40% 40% 39% 40%,590.087
threadring,python3,2,50000000,288,508.000,6268,0,20% 20% 33% 33%,379.051
threadring,gpp,4,50000000,572,507.632,6604,0,89% 89% 88% 88%,147.209
threadring,gpp,3,50000000,726,9.224,6600,0,1% 1% 0% 100%,9.230
threadring,yarv,1,50000000,331,569.780,15592,0,22% 32% 33% 21%,426.861
threadring,java,6,50000000,543,1.276,278428,0,5% 2% 37% 56%,1.318
threadring,python3,3,50000000,270,11.448,4416,0,0% 0% 1% 100%,11.453
threadring,jruby,2,50000000,228,0.000,97256,-2,49% 70% 73% 57%,1.987
threadring,racket,1,50000000,262,169.304,48924,0,0% 1% 100% 0%,169.283
threadring,ocaml,2,50000000,350,386.556,692,0,5% 51% 50% 5%,288.467
threadring,java,4,50000000,894,40.648,102268,0,19% 28% 29% 30%,36.877
threadring,perl,3,50000000,489,884.968,421420,0,55% 6% 6% 56%,671.410
threadring,java,5,50000000,432,21.132,103060,0,18% 28% 29% 32%,19.139
threadring,ocaml,3,50000000,296,374.376,3004,0,44% 10% 10% 45%,271.728
threadring,gnat,4,50000000,960,437.304,14828,0,16% 35% 34% 16%,347.134
threadring,fsharp,2,50000000,555,700.532,42580,0,68% 70% 69% 70%,255.158
threadring,clojure,1,50000000,348,142.860,378956,0,30% 26% 26% 29%,125.546
threadring,ocaml,1,50000000,282,690.280,7608,0,47% 14% 13% 47%,514.247
threadring,gnat,5,50000000,1476,0.580,14828,0,91% 2% 6% 7%,0.551
threadring,gpp,5,50000000,652,523.756,4556,0,88% 88% 87% 86%,155.441
threadring,gnat,3,50000000,727,439.004,12776,0,5% 48% 49% 5%,340.147
threadring,sbcl,2,50000000,571,536.992,1220716,0,28% 31% 30% 26%,396.812
threadring,ghc,1,50000000,306,9.896,3500,0,100% 3% 4% 3%,9.054
threadring,jruby,1,50000000,342,0.000,101168,-2,55% 57% 67% 69%,2.254
threadring,gcc,2,50000000,575,351.176,2424,0,25% 19% 19% 25%,294.274
threadring,gnat,2,50000000,560,634.596,16832,0,31% 28% 28% 31%,471.317
threadring,clojure,2,50000000,299,138.160,381192,0,31% 26% 26% 29%,120.481
threadring,fpascal,1,50000000,523,0.000,0,-11,%,0.000
threadring,gcc,4,50000000,761,0.000,1896,-1,0% 1% 1% 0%,300.580
threadring,java,2,50000000,693,5.408,228892,0,29% 1% 50% 24%,5.348
threadring,perl,1,50000000,353,0.000,138768,-1,0% 0% 0% 0%,3604.476
